-- CREATE DATABASE Electives;
-- USE Electives;
-- DROP TABLE IF EXISTS student_electives;
-- DROP TABLE IF EXISTS electives;
-- DROP TABLE IF EXISTS students;
-- DROP TABLE IF EXISTS teachers;

-- DROP TABLE IF EXISTS student_electives_no_index;
-- DROP TABLE IF EXISTS electives_no_index;
-- DROP TABLE IF EXISTS students_no_index;
-- DROP TABLE IF EXISTS teachers_no_index;

-- CREATE TABLE teachers(ID VARCHAR(20), teacher_name varchar(20), PRIMARY KEY(ID));
-- CREATE TABLE students (SRN VARCHAR(15), student_name varchar(20), DOB DATETIME, branch CHAR(3), section char(1),PRIMARY KEY(SRN));
-- CREATE TABLE electives(elective_name VARCHAR(20), course_code VARCHAR(10), PRIMARY KEY(course_code), anchor_ID VARCHAR(20), FOREIGN KEY(anchor_ID) REFERENCES teachers(ID));
-- CREATE TABLE student_electives(SRN VARCHAR(15),first_elective VARCHAR(10), second_elective VARCHAR(10), FOREIGN KEY(first_elective) REFERENCES electives(course_code), FOREIGN KEY(second_elective) REFERENCES electives(course_code),FOREIGN KEY(SRN) REFERENCES students(SRN));


-- CREATE TABLE teachers_no_index(ID VARCHAR(20), teacher_name varchar(20)); 
-- CREATE TABLE students_no_index(SRN VARCHAR(15), student_name varchar(20), DOB DATETIME, branch CHAR(3), section char(1));
-- CREATE TABLE electives_no_index(elective_name VARCHAR(20), course_code VARCHAR(10), anchor_ID VARCHAR(20));
-- CREATE TABLE student_electives_no_index(SRN VARCHAR(20),first_elective VARCHAR(10), second_elective VARCHAR(10));


-- insert into teachers (ID, teacher_name) values ('PES54139359', 'Ellsworth');
-- insert into teachers (ID, teacher_name) values ('PES94977757', 'Daryle');
-- insert into teachers (ID, teacher_name) values ('PES53303419', 'Inez');
-- insert into teachers (ID, teacher_name) values ('PES55234803', 'Elsworth');
-- insert into teachers (ID, teacher_name) values ('PES90115102', 'Leola');
-- insert into teachers (ID, teacher_name) values ('PES81697663', 'Elisa');
-- insert into teachers (ID, teacher_name) values ('PES01638155', 'Joete');
-- insert into teachers (ID, teacher_name) values ('PES78329853', 'Trstram');
-- insert into teachers (ID, teacher_name) values ('PES00714776', 'Cass');
-- insert into teachers (ID, teacher_name) values ('PES13868380', 'Raymond');
-- insert into teachers (ID, teacher_name) values ('PES44421579', 'Austine');
-- insert into teachers (ID, teacher_name) values ('PES61377814', 'Ned');
-- insert into teachers (ID, teacher_name) values ('PES34874886', 'Terra');
-- insert into teachers (ID, teacher_name) values ('PES61835276', 'Wadsworth');
-- insert into teachers (ID, teacher_name) values ('PES55460525', 'Stacia');
-- insert into teachers (ID, teacher_name) values ('PES39342682', 'Ambrosius');
-- insert into teachers (ID, teacher_name) values ('PES92063080', 'Camila');
-- insert into teachers (ID, teacher_name) values ('PES78029703', 'Willie');
-- insert into teachers (ID, teacher_name) values ('PES30320591', 'Karine');
-- insert into teachers (ID, teacher_name) values ('PES47134242', 'Paolina');
-- insert into teachers (ID, teacher_name) values ('PES64501997', 'Emlyn');
-- insert into teachers (ID, teacher_name) values ('PES87318129', 'Laird');
-- insert into teachers (ID, teacher_name) values ('PES02338834', 'Joly');
-- insert into teachers (ID, teacher_name) values ('PES80261021', 'Gerik');
-- insert into teachers (ID, teacher_name) values ('PES89422355', 'Eleanora');
-- insert into teachers (ID, teacher_name) values ('PES02572293', 'Jamaal');
-- insert into teachers (ID, teacher_name) values ('PES29881515', 'Teddi');
-- insert into teachers (ID, teacher_name) values ('PES72269310', 'Elinor');
-- insert into teachers (ID, teacher_name) values ('PES40997292', 'Godard');
-- insert into teachers (ID, teacher_name) values ('PES71547040', 'Winne');
-- insert into teachers (ID, teacher_name) values ('PES71063412', 'Bekki');
-- insert into teachers (ID, teacher_name) values ('PES07942010', 'Ingar');
-- insert into teachers (ID, teacher_name) values ('PES06218831', 'Wainwright');
-- insert into teachers (ID, teacher_name) values ('PES42259961', 'Lucinda');
-- insert into teachers (ID, teacher_name) values ('PES14918611', 'Lauretta');
-- insert into teachers (ID, teacher_name) values ('PES21150319', 'Dniren');
-- insert into teachers (ID, teacher_name) values ('PES85975496', 'Ronna');
-- insert into teachers (ID, teacher_name) values ('PES46420318', 'Myrtice');
-- insert into teachers (ID, teacher_name) values ('PES21716424', 'Harbert');
-- insert into teachers (ID, teacher_name) values ('PES70785763', 'Horace');
-- insert into teachers (ID, teacher_name) values ('PES55382491', 'Nikki');
-- insert into teachers (ID, teacher_name) values ('PES62531222', 'Nanette');
-- insert into teachers (ID, teacher_name) values ('PES40292370', 'Theo');
-- insert into teachers (ID, teacher_name) values ('PES94730263', 'Henrieta');
-- insert into teachers (ID, teacher_name) values ('PES67058415', 'Berty');
-- insert into teachers (ID, teacher_name) values ('PES71028191', 'Ellynn');
-- insert into teachers (ID, teacher_name) values ('PES34663869', 'Sloane');
-- insert into teachers (ID, teacher_name) values ('PES98202001', 'Bruno');
-- insert into teachers (ID, teacher_name) values ('PES77274324', 'Kalli');
-- insert into teachers (ID, teacher_name) values ('PES15345014', 'Bartlett');
-- insert into teachers (ID, teacher_name) values ('PES43921564', 'Jinny');
-- insert into teachers (ID, teacher_name) values ('PES75021652', 'Angel');
-- insert into teachers (ID, teacher_name) values ('PES60949279', 'Lorant');
-- insert into teachers (ID, teacher_name) values ('PES93785828', 'Ann-marie');
-- insert into teachers (ID, teacher_name) values ('PES95200546', 'Kathleen');
-- insert into teachers (ID, teacher_name) values ('PES55330603', 'Glori');
-- insert into teachers (ID, teacher_name) values ('PES51504017', 'Jon');
-- insert into teachers (ID, teacher_name) values ('PES34152946', 'Ilse');
-- insert into teachers (ID, teacher_name) values ('PES51999355', 'Ario');
-- insert into teachers (ID, teacher_name) values ('PES43834215', 'Barbara-anne');
-- insert into teachers (ID, teacher_name) values ('PES82388875', 'Saloma');
-- insert into teachers (ID, teacher_name) values ('PES17910654', 'Abigael');
-- insert into teachers (ID, teacher_name) values ('PES89238140', 'George');
-- insert into teachers (ID, teacher_name) values ('PES39291577', 'Karlie');
-- insert into teachers (ID, teacher_name) values ('PES16774371', 'Audry');
-- insert into teachers (ID, teacher_name) values ('PES20392528', 'Gertrudis');
-- insert into teachers (ID, teacher_name) values ('PES40512285', 'Roddy');
-- insert into teachers (ID, teacher_name) values ('PES50344381', 'Karita');
-- insert into teachers (ID, teacher_name) values ('PES14237168', 'Papageno');
-- insert into teachers (ID, teacher_name) values ('PES58752624', 'Booth');
-- insert into teachers (ID, teacher_name) values ('PES37238387', 'Davidde');
-- insert into teachers (ID, teacher_name) values ('PES17147224', 'Tersina');
-- insert into teachers (ID, teacher_name) values ('PES30393811', 'Cly');
-- insert into teachers (ID, teacher_name) values ('PES22859718', 'Shawn');
-- insert into teachers (ID, teacher_name) values ('PES50010257', 'Bobinette');
-- insert into teachers (ID, teacher_name) values ('PES95521581', 'Brett');
-- insert into teachers (ID, teacher_name) values ('PES30782843', 'Myrtle');
-- insert into teachers (ID, teacher_name) values ('PES29670166', 'Shirl');
-- insert into teachers (ID, teacher_name) values ('PES98646032', 'Brena');
-- insert into teachers (ID, teacher_name) values ('PES53779054', 'Weston');
-- insert into teachers (ID, teacher_name) values ('PES45531524', 'Kattie');
-- insert into teachers (ID, teacher_name) values ('PES34034666', 'Debera');
-- insert into teachers (ID, teacher_name) values ('PES16431603', 'Sadye');
-- insert into teachers (ID, teacher_name) values ('PES02862023', 'Theda');
-- insert into teachers (ID, teacher_name) values ('PES88182466', 'Magda');
-- insert into teachers (ID, teacher_name) values ('PES23513559', 'Teena');
-- insert into teachers (ID, teacher_name) values ('PES76054751', 'Iorgo');
-- insert into teachers (ID, teacher_name) values ('PES45871407', 'Perl');
-- insert into teachers (ID, teacher_name) values ('PES79466685', 'Matthias');
-- insert into teachers (ID, teacher_name) values ('PES65186529', 'Tadeas');
-- insert into teachers (ID, teacher_name) values ('PES48781045', 'Karilynn');
-- insert into teachers (ID, teacher_name) values ('PES11045255', 'Teddy');
-- insert into teachers (ID, teacher_name) values ('PES67211925', 'Wilfrid');
-- insert into teachers (ID, teacher_name) values ('PES59682876', 'Darryl');
-- insert into teachers (ID, teacher_name) values ('PES68775770', 'Isidoro');
-- insert into teachers (ID, teacher_name) values ('PES40161907', 'Diane-marie');
-- insert into teachers (ID, teacher_name) values ('PES72725175', 'Peyton');
-- insert into teachers (ID, teacher_name) values ('PES25755738', 'Viviene');
-- insert into teachers (ID, teacher_name) values ('PES04572483', 'Jameson');
-- insert into teachers (ID, teacher_name) values ('PES18050459', 'Linnet');

-- insert into students (SRN, student_name, DOB, section) values ('PES1UG20CS182', 'Bar', '2/8/2022', 'W');
-- insert into students (SRN, student_name, DOB, section) values ('PES2UG20CS458', 'Shae', '1/25/2021', 'R');
-- insert into students (SRN, student_name, DOB, section) values ('PES2UG20CS569', 'Dagmar', '1/6/2022', 'S');
-- insert into students (SRN, student_name, DOB, section) values ('PES2UG20CS278', 'Wesley', '10/29/2021', 'O');
-- insert into students (SRN, student_name, DOB, section) values ('PES1UG20CS400', 'Erma', '6/13/2021', 'E');
-- insert into students (SRN, student_name, DOB, section) values ('PES2UG20CS294', 'Diahann', '10/18/2022', 'C');
-- insert into students (SRN, student_name, DOB, section) values ('PES2UG20CS068', 'Benson', '8/1/2020', 'X');
-- insert into students (SRN, student_name, DOB, section) values ('PES1UG20CS391', 'Kalindi', '4/14/2021', 'V');
-- insert into students (SRN, student_name, DOB, section) values ('PES2UG20CS638', 'Dilly', '12/19/2020', 'W');
-- insert into students (SRN, student_name, DOB, section) values ('PES1UG20CS901', 'Una', '1/28/2023', 'O');
-- insert into students (SRN, student_name, DOB, section) values ('PES1UG20CS690', 'Chas', '12/15/2020', 'K');
-- insert into students (SRN, student_name, DOB, section) values ('PES1UG20CS176', 'Kelcy', '8/24/2020', 'C');
-- insert into students (SRN, student_name, DOB, section) values ('PES1UG20CS928', 'Cesare', '1/1/2021', 'D');
-- insert into students (SRN, student_name, DOB, section) values ('PES1UG20CS676', 'Shane', '7/25/2020', 'H');
-- insert into students (SRN, student_name, DOB, section) values ('PES2UG20CS549', 'Bruis', '12/18/2021', 'B');
-- insert into students (SRN, student_name, DOB, section) values ('PES2UG20CS699', 'Bertie', '7/23/2022', 'K');
-- insert into students (SRN, student_name, DOB, section) values ('PES1UG20CS725', 'Matelda', '9/18/2020', 'W');
-- insert into students (SRN, student_name, DOB, section) values ('PES2UG20CS060', 'Vale', '8/13/2022', 'A');
-- insert into students (SRN, student_name, DOB, section) values ('PES1UG20CS334', 'Mac', '12/1/2022', 'Q');
-- insert into students (SRN, student_name, DOB, section) values ('PES2UG20CS611', 'Geoff', '8/6/2020', 'S');
-- insert into students (SRN, student_name, DOB, section) values ('PES2UG20CS375', 'Osmond', '11/1/2020', 'H');
-- insert into students (SRN, student_name, DOB, section) values ('PES2UG20CS609', 'Clarissa', '3/27/2022', 'K');
-- insert into students (SRN, student_name, DOB, section) values ('PES1UG20CS470', 'Booth', '5/15/2021', 'X');
-- insert into students (SRN, student_name, DOB, section) values ('PES2UG20CS164', 'Beauregard', '2/6/2021', 'O');
-- insert into students (SRN, student_name, DOB, section) values ('PES1UG20CS174', 'Pauly', '7/25/2020', 'A');
-- insert into students (SRN, student_name, DOB, section) values ('PES1UG20CS545', 'Colan', '1/7/2022', 'S');
-- insert into students (SRN, student_name, DOB, section) values ('PES2UG20CS832', 'Waldemar', '1/8/2022', 'I');
-- insert into students (SRN, student_name, DOB, section) values ('PES1UG20CS163', 'Doralyn', '3/3/2022', 'F');
-- insert into students (SRN, student_name, DOB, section) values ('PES2UG20CS075', 'Benedick', '10/17/2020', 'A');
-- insert into students (SRN, student_name, DOB, section) values ('PES2UG20CS488', 'Amelia', '8/31/2021', 'D');
-- insert into students (SRN, student_name, DOB, section) values ('PES2UG20CS672', 'Woody', '9/19/2020', 'H');
-- insert into students (SRN, student_name, DOB, section) values ('PES1UG20CS883', 'Launce', '6/10/2021', 'Y');
-- insert into students (SRN, student_name, DOB, section) values ('PES1UG20CS937', 'Midge', '1/24/2021', 'Q');
-- insert into students (SRN, student_name, DOB, section) values ('PES2UG20CS850', 'Tatum', '10/21/2020', 'L');
-- insert into students (SRN, student_name, DOB, section) values ('PES2UG20CS901', 'Daron', '2/3/2021', 'X');
-- insert into students (SRN, student_name, DOB, section) values ('PES1UG20CS679', 'Hendrika', '7/28/2020', 'O');
-- insert into students (SRN, student_name, DOB, section) values ('PES1UG20CS822', 'Arlina', '7/3/2022', 'R');
-- insert into students (SRN, student_name, DOB, section) values ('PES1UG20CS365', 'Lilias', '5/30/2021', 'L');
-- insert into students (SRN, student_name, DOB, section) values ('PES2UG20CS997', 'Fredericka', '1/14/2021', 'L');
-- insert into students (SRN, student_name, DOB, section) values ('PES1UG20CS873', 'Bil', '2/6/2022', 'V');
-- insert into students (SRN, student_name, DOB, section) values ('PES1UG20CS592', 'Nate', '7/25/2021', 'O');
-- insert into students (SRN, student_name, DOB, section) values ('PES2UG20CS484', 'Vanna', '4/28/2022', 'O');
-- insert into students (SRN, student_name, DOB, section) values ('PES1UG20CS424', 'Ron', '1/17/2023', 'R');
-- insert into students (SRN, student_name, DOB, section) values ('PES2UG20CS468', 'Felita', '8/27/2021', 'Q');
-- insert into students (SRN, student_name, DOB, section) values ('PES2UG20CS071', 'Maurice', '8/26/2020', 'F');
-- insert into students (SRN, student_name, DOB, section) values ('PES2UG20CS135', 'Beret', '8/13/2020', 'J');
-- insert into students (SRN, student_name, DOB, section) values ('PES1UG20CS988', 'Ephrayim', '5/10/2021', 'I');
-- insert into students (SRN, student_name, DOB, section) values ('PES1UG20CS206', 'Gwenneth', '4/15/2021', 'V');
-- insert into students (SRN, student_name, DOB, section) values ('PES2UG20CS608', 'Jillane', '8/2/2022', 'C');
-- insert into students (SRN, student_name, DOB, section) values ('PES1UG20CS817', 'Chelsy', '9/17/2020', 'O');
-- insert into students (SRN, student_name, DOB, section) values ('PES2UG20CS002', 'Kienan', '3/31/2022', 'A');
-- insert into students (SRN, student_name, DOB, section) values ('PES2UG20CS585', 'Cristina', '5/23/2021', 'R');
-- insert into students (SRN, student_name, DOB, section) values ('PES2UG20CS534', 'Mara', '8/7/2021', 'P');
-- insert into students (SRN, student_name, DOB, section) values ('PES1UG20CS335', 'Micki', '11/22/2021', 'A');
-- insert into students (SRN, student_name, DOB, section) values ('PES1UG20CS714', 'Nikki', '1/29/2023', 'Q');
-- insert into students (SRN, student_name, DOB, section) values ('PES1UG20CS949', 'Ilario', '10/21/2020', 'Y');
-- insert into students (SRN, student_name, DOB, section) values ('PES2UG20CS332', 'Randall', '7/16/2021', 'D');
-- insert into students (SRN, student_name, DOB, section) values ('PES1UG20CS659', 'Everard', '7/5/2022', 'X');
-- insert into students (SRN, student_name, DOB, section) values ('PES2UG20CS488', 'Marshal', '5/6/2021', 'I');
-- insert into students (SRN, student_name, DOB, section) values ('PES2UG20CS149', 'Matias', '3/10/2022', 'N');
-- insert into students (SRN, student_name, DOB, section) values ('PES1UG20CS086', 'Zelig', '5/31/2021', 'U');
-- insert into students (SRN, student_name, DOB, section) values ('PES1UG20CS258', 'Sutton', '9/6/2021', 'E');
-- insert into students (SRN, student_name, DOB, section) values ('PES1UG20CS449', 'Berty', '3/20/2022', 'C');
-- insert into students (SRN, student_name, DOB, section) values ('PES2UG20CS571', 'Jules', '8/30/2020', 'D');
-- insert into students (SRN, student_name, DOB, section) values ('PES2UG20CS272', 'Ewan', '10/27/2021', 'F');
-- insert into students (SRN, student_name, DOB, section) values ('PES1UG20CS946', 'Bran', '11/8/2020', 'O');
-- insert into students (SRN, student_name, DOB, section) values ('PES2UG20CS413', 'Joe', '4/24/2022', 'A');
-- insert into students (SRN, student_name, DOB, section) values ('PES2UG20CS464', 'Natalya', '10/4/2020', 'G');
-- insert into students (SRN, student_name, DOB, section) values ('PES1UG20CS114', 'Holli', '4/17/2021', 'P');
-- insert into students (SRN, student_name, DOB, section) values ('PES2UG20CS247', 'Charley', '7/31/2022', 'C');
-- insert into students (SRN, student_name, DOB, section) values ('PES1UG20CS534', 'Diane', '7/11/2022', 'I');
-- insert into students (SRN, student_name, DOB, section) values ('PES2UG20CS013', 'Elysee', '8/29/2021', 'V');
-- insert into students (SRN, student_name, DOB, section) values ('PES2UG20CS517', 'Curry', '11/21/2020', 'L');
-- insert into students (SRN, student_name, DOB, section) values ('PES2UG20CS868', 'Winthrop', '4/21/2022', 'J');
-- insert into students (SRN, student_name, DOB, section) values ('PES2UG20CS367', 'Valeria', '2/14/2023', 'Q');
-- insert into students (SRN, student_name, DOB, section) values ('PES2UG20CS065', 'Veda', '10/11/2020', 'V');
-- insert into students (SRN, student_name, DOB, section) values ('PES1UG20CS125', 'Elfreda', '11/9/2022', 'T');
-- insert into students (SRN, student_name, DOB, section) values ('PES1UG20CS779', 'Barton', '3/21/2022', 'O');
-- insert into students (SRN, student_name, DOB, section) values ('PES1UG20CS711', 'Roz', '4/8/2022', 'E');
-- insert into students (SRN, student_name, DOB, section) values ('PES1UG20CS020', 'Carlie', '12/14/2022', 'O');
-- insert into students (SRN, student_name, DOB, section) values ('PES2UG20CS096', 'Horatio', '4/19/2021', 'Q');
-- insert into students (SRN, student_name, DOB, section) values ('PES1UG20CS681', 'Skell', '12/12/2021', 'N');
-- insert into students (SRN, student_name, DOB, section) values ('PES2UG20CS998', 'Juanita', '9/20/2021', 'G');
-- insert into students (SRN, student_name, DOB, section) values ('PES1UG20CS653', 'Hastie', '3/3/2021', 'F');
-- insert into students (SRN, student_name, DOB, section) values ('PES2UG20CS415', 'Renie', '1/27/2022', 'A');
-- insert into students (SRN, student_name, DOB, section) values ('PES2UG20CS839', 'Gerhardt', '11/21/2020', 'R');
-- insert into students (SRN, student_name, DOB, section) values ('PES1UG20CS486', 'Grata', '8/25/2021', 'V');
-- insert into students (SRN, student_name, DOB, section) values ('PES1UG20CS236', 'Viki', '7/18/2021', 'C');
-- insert into students (SRN, student_name, DOB, section) values ('PES2UG20CS978', 'Norris', '3/22/2021', 'G');
-- insert into students (SRN, student_name, DOB, section) values ('PES2UG20CS206', 'Lyda', '12/10/2021', 'G');
-- insert into students (SRN, student_name, DOB, section) values ('PES1UG20CS393', 'Enid', '4/14/2022', 'U');
-- insert into students (SRN, student_name, DOB, section) values ('PES2UG20CS235', 'Dani', '5/21/2022', 'T');
-- insert into students (SRN, student_name, DOB, section) values ('PES2UG20CS225', 'Sully', '11/2/2021', 'O');
-- insert into students (SRN, student_name, DOB, section) values ('PES2UG20CS411', 'Giorgia', '1/28/2023', 'L');
-- insert into students (SRN, student_name, DOB, section) values ('PES2UG20CS850', 'Verna', '8/24/2021', 'L');
-- insert into students (SRN, student_name, DOB, section) values ('PES1UG20CS764', 'Jaime', '11/28/2020', 'Q');
-- insert into students (SRN, student_name, DOB, section) values ('PES2UG20CS954', 'Brenn', '12/23/2020', 'M');
-- insert into students (SRN, student_name, DOB, section) values ('PES2UG20CS588', 'Koralle', '9/18/2020', 'H');
-- insert into students (SRN, student_name, DOB, section) values ('PES2UG20CS998', 'Simonette', '9/16/2021', 'G');
-- insert into students (SRN, student_name, DOB, section) values ('PES1UG20CS982', 'Lacee', '4/29/2022', 'E');


-- insert into electives (elective_name, course_code, anchor_id) values ('BD', 'UE20CS968', 'PES54139359');
-- insert into electives (elective_name, course_code, anchor_id) values ('DBT', 'UE20CS496', 'PES43921564');
-- insert into electives (elective_name, course_code, anchor_id) values ('AIWR', 'UE20CS759', 'PES58752624');
-- insert into electives (elective_name, course_code, anchor_id) values ('TDL', 'UE20CS694', 'PES58752624');

-- insert into student_electives (srn, first_elective, second_elective) values ('PES2UG20CS998', 'UE20CS496', 'UE20CS694');
-- insert into student_electives (srn, first_elective, second_elective) values ('PES1UG20CS176', 'UE20CS496', 'UE20CS759');
-- insert into student_electives (srn, first_elective, second_elective) values ('PES2UG20CS002', 'UE20CS496', 'UE20CS694');
-- insert into student_electives (srn, first_elective, second_elective) values ('PES2UG20CS135', 'UE20CS968', 'UE20CS759');
-- insert into student_electives (srn, first_elective, second_elective) values ('PES1UG20CS653', 'UE20CS496', 'UE20CS694');
-- insert into student_electives (srn, first_elective, second_elective) values ('PES1UG20CS679', 'UE20CS968', 'UE20CS694');
-- insert into student_electives (srn, first_elective, second_elective) values ('PES1UG20CS949', 'UE20CS496', 'UE20CS759');
-- insert into student_electives (srn, first_elective, second_elective) values ('PES1UG20CS393', 'UE20CS968', 'UE20CS759');
-- insert into student_electives (srn, first_elective, second_elective) values ('PES2UG20CS060', 'UE20CS968', 'UE20CS694');
-- insert into student_electives (srn, first_elective, second_elective) values ('PES1UG20CS424', 'UE20CS968', 'UE20CS759');
-- insert into student_electives (srn, first_elective, second_elective) values ('PES2UG20CS013', 'UE20CS496', 'UE20CS694');
-- insert into student_electives (srn, first_elective, second_elective) values ('PES2UG20CS954', 'UE20CS968', 'UE20CS694');
-- insert into student_electives (srn, first_elective, second_elective) values ('PES1UG20CS424', 'UE20CS496', 'UE20CS694');
-- insert into student_electives (srn, first_elective, second_elective) values ('PES2UG20CS901', 'UE20CS496', 'UE20CS759');
-- insert into student_electives (srn, first_elective, second_elective) values ('PES1UG20CS676', 'UE20CS968', 'UE20CS759');
-- insert into student_electives (srn, first_elective, second_elective) values ('PES1UG20CS176', 'UE20CS496', 'UE20CS694');
-- insert into student_electives (srn, first_elective, second_elective) values ('PES1UG20CS393', 'UE20CS968', 'UE20CS694');
-- insert into student_electives (srn, first_elective, second_elective) values ('PES2UG20CS588', 'UE20CS496', 'UE20CS694');
-- insert into student_electives (srn, first_elective, second_elective) values ('PES2UG20CS954', 'UE20CS496', 'UE20CS694');
-- insert into student_electives (srn, first_elective, second_elective) values ('PES2UG20CS468', 'UE20CS496', 'UE20CS759');
-- insert into student_electives (srn, first_elective, second_elective) values ('PES2UG20CS294', 'UE20CS968', 'UE20CS759');
-- insert into student_electives (srn, first_elective, second_elective) values ('PES1UG20CS725', 'UE20CS496', 'UE20CS694');
-- insert into student_electives (srn, first_elective, second_elective) values ('PES2UG20CS332', 'UE20CS496', 'UE20CS759');
-- insert into student_electives (srn, first_elective, second_elective) values ('PES2UG20CS569', 'UE20CS968', 'UE20CS759');
-- insert into student_electives (srn, first_elective, second_elective) values ('PES2UG20CS954', 'UE20CS496', 'UE20CS759');
-- insert into student_electives (srn, first_elective, second_elective) values ('PES2UG20CS569', 'UE20CS968', 'UE20CS759');
-- insert into student_electives (srn, first_elective, second_elective) values ('PES1UG20CS653', 'UE20CS968', 'UE20CS759');
-- insert into student_electives (srn, first_elective, second_elective) values ('PES1UG20CS949', 'UE20CS968', 'UE20CS694');
-- insert into student_electives (srn, first_elective, second_elective) values ('PES1UG20CS086', 'UE20CS496', 'UE20CS759');
-- insert into student_electives (srn, first_elective, second_elective) values ('PES2UG20CS235', 'UE20CS968', 'UE20CS694');
-- insert into student_electives (srn, first_elective, second_elective) values ('PES1UG20CS182', 'UE20CS968', 'UE20CS694');
-- insert into student_electives (srn, first_elective, second_elective) values ('PES2UG20CS571', 'UE20CS496', 'UE20CS694');
-- insert into student_electives (srn, first_elective, second_elective) values ('PES2UG20CS294', 'UE20CS968', 'UE20CS694');
-- insert into student_electives (srn, first_elective, second_elective) values ('PES1UG20CS393', 'UE20CS496', 'UE20CS759');
-- insert into student_electives (srn, first_elective, second_elective) values ('PES2UG20CS569', 'UE20CS968', 'UE20CS694');
-- insert into student_electives (srn, first_elective, second_elective) values ('PES1UG20CS020', 'UE20CS968', 'UE20CS759');
-- insert into student_electives (srn, first_elective, second_elective) values ('PES2UG20CS609', 'UE20CS496', 'UE20CS694');
-- insert into student_electives (srn, first_elective, second_elective) values ('PES2UG20CS149', 'UE20CS496', 'UE20CS759');
-- insert into student_electives (srn, first_elective, second_elective) values ('PES2UG20CS672', 'UE20CS496', 'UE20CS694');
-- insert into student_electives (srn, first_elective, second_elective) values ('PES2UG20CS488', 'UE20CS968', 'UE20CS694');
-- insert into student_electives (srn, first_elective, second_elective) values ('PES2UG20CS484', 'UE20CS496', 'UE20CS694');
-- insert into student_electives (srn, first_elective, second_elective) values ('PES2UG20CS517', 'UE20CS968', 'UE20CS694');
-- insert into student_electives (srn, first_elective, second_elective) values ('PES2UG20CS135', 'UE20CS496', 'UE20CS694');
-- insert into student_electives (srn, first_elective, second_elective) values ('PES1UG20CS125', 'UE20CS968', 'UE20CS759');
-- insert into student_electives (srn, first_elective, second_elective) values ('PES2UG20CS464', 'UE20CS968', 'UE20CS694');
-- insert into student_electives (srn, first_elective, second_elective) values ('PES2UG20CS225', 'UE20CS968', 'UE20CS694');
-- insert into student_electives (srn, first_elective, second_elective) values ('PES1UG20CS883', 'UE20CS496', 'UE20CS694');
-- insert into student_electives (srn, first_elective, second_elective) values ('PES2UG20CS367', 'UE20CS968', 'UE20CS694');
-- insert into student_electives (srn, first_elective, second_elective) values ('PES2UG20CS571', 'UE20CS968', 'UE20CS694');
-- insert into student_electives (srn, first_elective, second_elective) values ('PES1UG20CS020', 'UE20CS496', 'UE20CS759');
-- insert into student_electives (srn, first_elective, second_elective) values ('PES2UG20CS149', 'UE20CS968', 'UE20CS759');
-- insert into student_electives (srn, first_elective, second_elective) values ('PES1UG20CS400', 'UE20CS968', 'UE20CS759');
-- insert into student_electives (srn, first_elective, second_elective) values ('PES2UG20CS413', 'UE20CS968', 'UE20CS759');
-- insert into student_electives (srn, first_elective, second_elective) values ('PES1UG20CS020', 'UE20CS496', 'UE20CS759');
-- insert into student_electives (srn, first_elective, second_elective) values ('PES1UG20CS681', 'UE20CS496', 'UE20CS694');
-- insert into student_electives (srn, first_elective, second_elective) values ('PES1UG20CS711', 'UE20CS496', 'UE20CS694');
-- insert into student_electives (srn, first_elective, second_elective) values ('PES1UG20CS779', 'UE20CS968', 'UE20CS759');
-- insert into student_electives (srn, first_elective, second_elective) values ('PES2UG20CS534', 'UE20CS968', 'UE20CS759');
-- insert into student_electives (srn, first_elective, second_elective) values ('PES1UG20CS982', 'UE20CS968', 'UE20CS759');
-- insert into student_electives (srn, first_elective, second_elective) values ('PES2UG20CS839', 'UE20CS968', 'UE20CS694');
-- insert into student_electives (srn, first_elective, second_elective) values ('PES2UG20CS588', 'UE20CS496', 'UE20CS759');
-- insert into student_electives (srn, first_elective, second_elective) values ('PES1UG20CS125', 'UE20CS496', 'UE20CS694');
-- insert into student_electives (srn, first_elective, second_elective) values ('PES2UG20CS247', 'UE20CS496', 'UE20CS759');
-- insert into student_electives (srn, first_elective, second_elective) values ('PES2UG20CS468', 'UE20CS968', 'UE20CS694');
-- insert into student_electives (srn, first_elective, second_elective) values ('PES2UG20CS901', 'UE20CS968', 'UE20CS759');
-- insert into student_electives (srn, first_elective, second_elective) values ('PES2UG20CS060', 'UE20CS968', 'UE20CS694');
-- insert into student_electives (srn, first_elective, second_elective) values ('PES2UG20CS468', 'UE20CS496', 'UE20CS694');
-- insert into student_electives (srn, first_elective, second_elective) values ('PES1UG20CS086', 'UE20CS496', 'UE20CS759');
-- insert into student_electives (srn, first_elective, second_elective) values ('PES1UG20CS470', 'UE20CS968', 'UE20CS759');
-- insert into student_electives (srn, first_elective, second_elective) values ('PES2UG20CS206', 'UE20CS496', 'UE20CS694');
-- insert into student_electives (srn, first_elective, second_elective) values ('PES1UG20CS928', 'UE20CS496', 'UE20CS694');
-- insert into student_electives (srn, first_elective, second_elective) values ('PES2UG20CS609', 'UE20CS968', 'UE20CS694');
-- insert into student_electives (srn, first_elective, second_elective) values ('PES1UG20CS163', 'UE20CS968', 'UE20CS759');
-- insert into student_electives (srn, first_elective, second_elective) values ('PES2UG20CS367', 'UE20CS968', 'UE20CS759');
-- insert into student_electives (srn, first_elective, second_elective) values ('PES2UG20CS164', 'UE20CS496', 'UE20CS694');
-- insert into student_electives (srn, first_elective, second_elective) values ('PES2UG20CS978', 'UE20CS496', 'UE20CS759');
-- insert into student_electives (srn, first_elective, second_elective) values ('PES2UG20CS458', 'UE20CS968', 'UE20CS759');
-- insert into student_electives (srn, first_elective, second_elective) values ('PES2UG20CS135', 'UE20CS496', 'UE20CS694');
-- insert into student_electives (srn, first_elective, second_elective) values ('PES1UG20CS690', 'UE20CS496', 'UE20CS759');
-- insert into student_electives (srn, first_elective, second_elective) values ('PES1UG20CS817', 'UE20CS968', 'UE20CS694');
-- insert into student_electives (srn, first_elective, second_elective) values ('PES1UG20CS653', 'UE20CS496', 'UE20CS694');
-- insert into student_electives (srn, first_elective, second_elective) values ('PES1UG20CS470', 'UE20CS968', 'UE20CS759');
-- insert into student_electives (srn, first_elective, second_elective) values ('PES2UG20CS672', 'UE20CS968', 'UE20CS694');
-- insert into student_electives (srn, first_elective, second_elective) values ('PES1UG20CS163', 'UE20CS496', 'UE20CS759');
-- insert into student_electives (srn, first_elective, second_elective) values ('PES2UG20CS458', 'UE20CS968', 'UE20CS694');
-- insert into student_electives (srn, first_elective, second_elective) values ('PES1UG20CS334', 'UE20CS496', 'UE20CS694');
-- insert into student_electives (srn, first_elective, second_elective) values ('PES2UG20CS998', 'UE20CS496', 'UE20CS694');
-- insert into student_electives (srn, first_elective, second_elective) values ('PES1UG20CS174', 'UE20CS496', 'UE20CS759');
-- insert into student_electives (srn, first_elective, second_elective) values ('PES1UG20CS334', 'UE20CS968', 'UE20CS694');
-- insert into student_electives (srn, first_elective, second_elective) values ('PES2UG20CS135', 'UE20CS496', 'UE20CS694');
-- insert into student_electives (srn, first_elective, second_elective) values ('PES2UG20CS609', 'UE20CS968', 'UE20CS694');
-- insert into student_electives (srn, first_elective, second_elective) values ('PES1UG20CS335', 'UE20CS968', 'UE20CS694');
-- insert into student_electives (srn, first_elective, second_elective) values ('PES1UG20CS174', 'UE20CS496', 'UE20CS759');
-- insert into student_electives (srn, first_elective, second_elective) values ('PES1UG20CS659', 'UE20CS496', 'UE20CS694');
-- insert into student_electives (srn, first_elective, second_elective) values ('PES2UG20CS998', 'UE20CS968', 'UE20CS759');
-- insert into student_electives (srn, first_elective, second_elective) values ('PES1UG20CS592', 'UE20CS496', 'UE20CS694');
-- insert into student_electives (srn, first_elective, second_elective) values ('PES2UG20CS998', 'UE20CS968', 'UE20CS759');
-- insert into student_electives (srn, first_elective, second_elective) values ('PES2UG20CS458', 'UE20CS968', 'UE20CS694');
-- insert into student_electives (srn, first_elective, second_elective) values ('PES1UG20CS988', 'UE20CS496', 'UE20CS694');
-- insert into student_electives (srn, first_elective, second_elective) values ('PES1UG20CS592', 'UE20CS496', 'UE20CS694');



-- insert into teachers_no_index (ID, teacher_name) values ('PES54139359', 'Ellsworth');
-- insert into teachers_no_index (ID, teacher_name) values ('PES94977757', 'Daryle');
-- insert into teachers_no_index (ID, teacher_name) values ('PES53303419', 'Inez');
-- insert into teachers_no_index (ID, teacher_name) values ('PES55234803', 'Elsworth');
-- insert into teachers_no_index (ID, teacher_name) values ('PES90115102', 'Leola');
-- insert into teachers_no_index (ID, teacher_name) values ('PES81697663', 'Elisa');
-- insert into teachers_no_index (ID, teacher_name) values ('PES01638155', 'Joete');
-- insert into teachers_no_index (ID, teacher_name) values ('PES78329853', 'Trstram');
-- insert into teachers_no_index (ID, teacher_name) values ('PES00714776', 'Cass');
-- insert into teachers_no_index (ID, teacher_name) values ('PES13868380', 'Raymond');
-- insert into teachers_no_index (ID, teacher_name) values ('PES44421579', 'Austine');
-- insert into teachers_no_index (ID, teacher_name) values ('PES61377814', 'Ned');
-- insert into teachers_no_index (ID, teacher_name) values ('PES34874886', 'Terra');
-- insert into teachers_no_index (ID, teacher_name) values ('PES61835276', 'Wadsworth');
-- insert into teachers_no_index (ID, teacher_name) values ('PES55460525', 'Stacia');
-- insert into teachers_no_index (ID, teacher_name) values ('PES39342682', 'Ambrosius');
-- insert into teachers_no_index (ID, teacher_name) values ('PES92063080', 'Camila');
-- insert into teachers_no_index (ID, teacher_name) values ('PES78029703', 'Willie');
-- insert into teachers_no_index (ID, teacher_name) values ('PES30320591', 'Karine');
-- insert into teachers_no_index (ID, teacher_name) values ('PES47134242', 'Paolina');
-- insert into teachers_no_index (ID, teacher_name) values ('PES64501997', 'Emlyn');
-- insert into teachers_no_index (ID, teacher_name) values ('PES87318129', 'Laird');
-- insert into teachers_no_index (ID, teacher_name) values ('PES02338834', 'Joly');
-- insert into teachers_no_index (ID, teacher_name) values ('PES80261021', 'Gerik');
-- insert into teachers_no_index (ID, teacher_name) values ('PES89422355', 'Eleanora');
-- insert into teachers_no_index (ID, teacher_name) values ('PES02572293', 'Jamaal');
-- insert into teachers_no_index (ID, teacher_name) values ('PES29881515', 'Teddi');
-- insert into teachers_no_index (ID, teacher_name) values ('PES72269310', 'Elinor');
-- insert into teachers_no_index (ID, teacher_name) values ('PES40997292', 'Godard');
-- insert into teachers_no_index (ID, teacher_name) values ('PES71547040', 'Winne');
-- insert into teachers_no_index (ID, teacher_name) values ('PES71063412', 'Bekki');
-- insert into teachers_no_index (ID, teacher_name) values ('PES07942010', 'Ingar');
-- insert into teachers_no_index (ID, teacher_name) values ('PES06218831', 'Wainwright');
-- insert into teachers_no_index (ID, teacher_name) values ('PES42259961', 'Lucinda');
-- insert into teachers_no_index (ID, teacher_name) values ('PES14918611', 'Lauretta');
-- insert into teachers_no_index (ID, teacher_name) values ('PES21150319', 'Dniren');
-- insert into teachers_no_index (ID, teacher_name) values ('PES85975496', 'Ronna');
-- insert into teachers_no_index (ID, teacher_name) values ('PES46420318', 'Myrtice');
-- insert into teachers_no_index (ID, teacher_name) values ('PES21716424', 'Harbert');
-- insert into teachers_no_index (ID, teacher_name) values ('PES70785763', 'Horace');
-- insert into teachers_no_index (ID, teacher_name) values ('PES55382491', 'Nikki');
-- insert into teachers_no_index (ID, teacher_name) values ('PES62531222', 'Nanette');
-- insert into teachers_no_index (ID, teacher_name) values ('PES40292370', 'Theo');
-- insert into teachers_no_index (ID, teacher_name) values ('PES94730263', 'Henrieta');
-- insert into teachers_no_index (ID, teacher_name) values ('PES67058415', 'Berty');
-- insert into teachers_no_index (ID, teacher_name) values ('PES71028191', 'Ellynn');
-- insert into teachers_no_index (ID, teacher_name) values ('PES34663869', 'Sloane');
-- insert into teachers_no_index (ID, teacher_name) values ('PES98202001', 'Bruno');
-- insert into teachers_no_index (ID, teacher_name) values ('PES77274324', 'Kalli');
-- insert into teachers_no_index (ID, teacher_name) values ('PES15345014', 'Bartlett');
-- insert into teachers_no_index (ID, teacher_name) values ('PES43921564', 'Jinny');
-- insert into teachers_no_index (ID, teacher_name) values ('PES75021652', 'Angel');
-- insert into teachers_no_index (ID, teacher_name) values ('PES60949279', 'Lorant');
-- insert into teachers_no_index (ID, teacher_name) values ('PES93785828', 'Ann-marie');
-- insert into teachers_no_index (ID, teacher_name) values ('PES95200546', 'Kathleen');
-- insert into teachers_no_index (ID, teacher_name) values ('PES55330603', 'Glori');
-- insert into teachers_no_index (ID, teacher_name) values ('PES51504017', 'Jon');
-- insert into teachers_no_index (ID, teacher_name) values ('PES34152946', 'Ilse');
-- insert into teachers_no_index (ID, teacher_name) values ('PES51999355', 'Ario');
-- insert into teachers_no_index (ID, teacher_name) values ('PES43834215', 'Barbara-anne');
-- insert into teachers_no_index (ID, teacher_name) values ('PES82388875', 'Saloma');
-- insert into teachers_no_index (ID, teacher_name) values ('PES17910654', 'Abigael');
-- insert into teachers_no_index (ID, teacher_name) values ('PES89238140', 'George');
-- insert into teachers_no_index (ID, teacher_name) values ('PES39291577', 'Karlie');
-- insert into teachers_no_index (ID, teacher_name) values ('PES16774371', 'Audry');
-- insert into teachers_no_index (ID, teacher_name) values ('PES20392528', 'Gertrudis');
-- insert into teachers_no_index (ID, teacher_name) values ('PES40512285', 'Roddy');
-- insert into teachers_no_index (ID, teacher_name) values ('PES50344381', 'Karita');
-- insert into teachers_no_index (ID, teacher_name) values ('PES14237168', 'Papageno');
-- insert into teachers_no_index (ID, teacher_name) values ('PES58752624', 'Booth');
-- insert into teachers_no_index (ID, teacher_name) values ('PES37238387', 'Davidde');
-- insert into teachers_no_index (ID, teacher_name) values ('PES17147224', 'Tersina');
-- insert into teachers_no_index (ID, teacher_name) values ('PES30393811', 'Cly');
-- insert into teachers_no_index (ID, teacher_name) values ('PES22859718', 'Shawn');
-- insert into teachers_no_index (ID, teacher_name) values ('PES50010257', 'Bobinette');
-- insert into teachers_no_index (ID, teacher_name) values ('PES95521581', 'Brett');
-- insert into teachers_no_index (ID, teacher_name) values ('PES30782843', 'Myrtle');
-- insert into teachers_no_index (ID, teacher_name) values ('PES29670166', 'Shirl');
-- insert into teachers_no_index (ID, teacher_name) values ('PES98646032', 'Brena');
-- insert into teachers_no_index (ID, teacher_name) values ('PES53779054', 'Weston');
-- insert into teachers_no_index (ID, teacher_name) values ('PES45531524', 'Kattie');
-- insert into teachers_no_index (ID, teacher_name) values ('PES34034666', 'Debera');
-- insert into teachers_no_index (ID, teacher_name) values ('PES16431603', 'Sadye');
-- insert into teachers_no_index (ID, teacher_name) values ('PES02862023', 'Theda');
-- insert into teachers_no_index (ID, teacher_name) values ('PES88182466', 'Magda');
-- insert into teachers_no_index (ID, teacher_name) values ('PES23513559', 'Teena');
-- insert into teachers_no_index (ID, teacher_name) values ('PES76054751', 'Iorgo');
-- insert into teachers_no_index (ID, teacher_name) values ('PES45871407', 'Perl');
-- insert into teachers_no_index (ID, teacher_name) values ('PES79466685', 'Matthias');
-- insert into teachers_no_index (ID, teacher_name) values ('PES65186529', 'Tadeas');
-- insert into teachers_no_index (ID, teacher_name) values ('PES48781045', 'Karilynn');
-- insert into teachers_no_index (ID, teacher_name) values ('PES11045255', 'Teddy');
-- insert into teachers_no_index (ID, teacher_name) values ('PES67211925', 'Wilfrid');
-- insert into teachers_no_index (ID, teacher_name) values ('PES59682876', 'Darryl');
-- insert into teachers_no_index (ID, teacher_name) values ('PES68775770', 'Isidoro');
-- insert into teachers_no_index (ID, teacher_name) values ('PES40161907', 'Diane-marie');
-- insert into teachers_no_index (ID, teacher_name) values ('PES72725175', 'Peyton');
-- insert into teachers_no_index (ID, teacher_name) values ('PES25755738', 'Viviene');
-- insert into teachers_no_index (ID, teacher_name) values ('PES04572483', 'Jameson');
-- insert into teachers_no_index (ID, teacher_name) values ('PES18050459', 'Linnet');

-- insert into students_no_index (SRN, student_name, DOB, section) values ('PES1UG20CS182', 'Bar', '2/8/2022', 'W');
-- insert into students_no_index (SRN, student_name, DOB, section) values ('PES2UG20CS458', 'Shae', '1/25/2021', 'R');
-- insert into students_no_index (SRN, student_name, DOB, section) values ('PES2UG20CS569', 'Dagmar', '1/6/2022', 'S');
-- insert into students_no_index (SRN, student_name, DOB, section) values ('PES2UG20CS278', 'Wesley', '10/29/2021', 'O');
-- insert into students_no_index (SRN, student_name, DOB, section) values ('PES1UG20CS400', 'Erma', '6/13/2021', 'E');
-- insert into students_no_index (SRN, student_name, DOB, section) values ('PES2UG20CS294', 'Diahann', '10/18/2022', 'C');
-- insert into students_no_index (SRN, student_name, DOB, section) values ('PES2UG20CS068', 'Benson', '8/1/2020', 'X');
-- insert into students_no_index (SRN, student_name, DOB, section) values ('PES1UG20CS391', 'Kalindi', '4/14/2021', 'V');
-- insert into students_no_index (SRN, student_name, DOB, section) values ('PES2UG20CS638', 'Dilly', '12/19/2020', 'W');
-- insert into students_no_index (SRN, student_name, DOB, section) values ('PES1UG20CS901', 'Una', '1/28/2023', 'O');
-- insert into students_no_index (SRN, student_name, DOB, section) values ('PES1UG20CS690', 'Chas', '12/15/2020', 'K');
-- insert into students_no_index (SRN, student_name, DOB, section) values ('PES1UG20CS176', 'Kelcy', '8/24/2020', 'C');
-- insert into students_no_index (SRN, student_name, DOB, section) values ('PES1UG20CS928', 'Cesare', '1/1/2021', 'D');
-- insert into students_no_index (SRN, student_name, DOB, section) values ('PES1UG20CS676', 'Shane', '7/25/2020', 'H');
-- insert into students_no_index (SRN, student_name, DOB, section) values ('PES2UG20CS549', 'Bruis', '12/18/2021', 'B');
-- insert into students_no_index (SRN, student_name, DOB, section) values ('PES2UG20CS699', 'Bertie', '7/23/2022', 'K');
-- insert into students_no_index (SRN, student_name, DOB, section) values ('PES1UG20CS725', 'Matelda', '9/18/2020', 'W');
-- insert into students_no_index (SRN, student_name, DOB, section) values ('PES2UG20CS060', 'Vale', '8/13/2022', 'A');
-- insert into students_no_index (SRN, student_name, DOB, section) values ('PES1UG20CS334', 'Mac', '12/1/2022', 'Q');
-- insert into students_no_index (SRN, student_name, DOB, section) values ('PES2UG20CS611', 'Geoff', '8/6/2020', 'S');
-- insert into students_no_index (SRN, student_name, DOB, section) values ('PES2UG20CS375', 'Osmond', '11/1/2020', 'H');
-- insert into students_no_index (SRN, student_name, DOB, section) values ('PES2UG20CS609', 'Clarissa', '3/27/2022', 'K');
-- insert into students_no_index (SRN, student_name, DOB, section) values ('PES1UG20CS470', 'Booth', '5/15/2021', 'X');
-- insert into students_no_index (SRN, student_name, DOB, section) values ('PES2UG20CS164', 'Beauregard', '2/6/2021', 'O');
-- insert into students_no_index (SRN, student_name, DOB, section) values ('PES1UG20CS174', 'Pauly', '7/25/2020', 'A');
-- insert into students_no_index (SRN, student_name, DOB, section) values ('PES1UG20CS545', 'Colan', '1/7/2022', 'S');
-- insert into students_no_index (SRN, student_name, DOB, section) values ('PES2UG20CS832', 'Waldemar', '1/8/2022', 'I');
-- insert into students_no_index (SRN, student_name, DOB, section) values ('PES1UG20CS163', 'Doralyn', '3/3/2022', 'F');
-- insert into students_no_index (SRN, student_name, DOB, section) values ('PES2UG20CS075', 'Benedick', '10/17/2020', 'A');
-- insert into students_no_index (SRN, student_name, DOB, section) values ('PES2UG20CS488', 'Amelia', '8/31/2021', 'D');
-- insert into students_no_index (SRN, student_name, DOB, section) values ('PES2UG20CS672', 'Woody', '9/19/2020', 'H');
-- insert into students_no_index (SRN, student_name, DOB, section) values ('PES1UG20CS883', 'Launce', '6/10/2021', 'Y');
-- insert into students_no_index (SRN, student_name, DOB, section) values ('PES1UG20CS937', 'Midge', '1/24/2021', 'Q');
-- insert into students_no_index (SRN, student_name, DOB, section) values ('PES2UG20CS850', 'Tatum', '10/21/2020', 'L');
-- insert into students_no_index (SRN, student_name, DOB, section) values ('PES2UG20CS901', 'Daron', '2/3/2021', 'X');
-- insert into students_no_index (SRN, student_name, DOB, section) values ('PES1UG20CS679', 'Hendrika', '7/28/2020', 'O');
-- insert into students_no_index (SRN, student_name, DOB, section) values ('PES1UG20CS822', 'Arlina', '7/3/2022', 'R');
-- insert into students_no_index (SRN, student_name, DOB, section) values ('PES1UG20CS365', 'Lilias', '5/30/2021', 'L');
-- insert into students_no_index (SRN, student_name, DOB, section) values ('PES2UG20CS997', 'Fredericka', '1/14/2021', 'L');
-- insert into students_no_index (SRN, student_name, DOB, section) values ('PES1UG20CS873', 'Bil', '2/6/2022', 'V');
-- insert into students_no_index (SRN, student_name, DOB, section) values ('PES1UG20CS592', 'Nate', '7/25/2021', 'O');
-- insert into students_no_index (SRN, student_name, DOB, section) values ('PES2UG20CS484', 'Vanna', '4/28/2022', 'O');
-- insert into students_no_index (SRN, student_name, DOB, section) values ('PES1UG20CS424', 'Ron', '1/17/2023', 'R');
-- insert into students_no_index (SRN, student_name, DOB, section) values ('PES2UG20CS468', 'Felita', '8/27/2021', 'Q');
-- insert into students_no_index (SRN, student_name, DOB, section) values ('PES2UG20CS071', 'Maurice', '8/26/2020', 'F');
-- insert into students_no_index (SRN, student_name, DOB, section) values ('PES2UG20CS135', 'Beret', '8/13/2020', 'J');
-- insert into students_no_index (SRN, student_name, DOB, section) values ('PES1UG20CS988', 'Ephrayim', '5/10/2021', 'I');
-- insert into students_no_index (SRN, student_name, DOB, section) values ('PES1UG20CS206', 'Gwenneth', '4/15/2021', 'V');
-- insert into students_no_index (SRN, student_name, DOB, section) values ('PES2UG20CS608', 'Jillane', '8/2/2022', 'C');
-- insert into students_no_index (SRN, student_name, DOB, section) values ('PES1UG20CS817', 'Chelsy', '9/17/2020', 'O');
-- insert into students_no_index (SRN, student_name, DOB, section) values ('PES2UG20CS002', 'Kienan', '3/31/2022', 'A');
-- insert into students_no_index (SRN, student_name, DOB, section) values ('PES2UG20CS585', 'Cristina', '5/23/2021', 'R');
-- insert into students_no_index (SRN, student_name, DOB, section) values ('PES2UG20CS534', 'Mara', '8/7/2021', 'P');
-- insert into students_no_index (SRN, student_name, DOB, section) values ('PES1UG20CS335', 'Micki', '11/22/2021', 'A');
-- insert into students_no_index (SRN, student_name, DOB, section) values ('PES1UG20CS714', 'Nikki', '1/29/2023', 'Q');
-- insert into students_no_index (SRN, student_name, DOB, section) values ('PES1UG20CS949', 'Ilario', '10/21/2020', 'Y');
-- insert into students_no_index (SRN, student_name, DOB, section) values ('PES2UG20CS332', 'Randall', '7/16/2021', 'D');
-- insert into students_no_index (SRN, student_name, DOB, section) values ('PES1UG20CS659', 'Everard', '7/5/2022', 'X');
-- insert into students_no_index (SRN, student_name, DOB, section) values ('PES2UG20CS488', 'Marshal', '5/6/2021', 'I');
-- insert into students_no_index (SRN, student_name, DOB, section) values ('PES2UG20CS149', 'Matias', '3/10/2022', 'N');
-- insert into students_no_index (SRN, student_name, DOB, section) values ('PES1UG20CS086', 'Zelig', '5/31/2021', 'U');
-- insert into students_no_index (SRN, student_name, DOB, section) values ('PES1UG20CS258', 'Sutton', '9/6/2021', 'E');
-- insert into students_no_index (SRN, student_name, DOB, section) values ('PES1UG20CS449', 'Berty', '3/20/2022', 'C');
-- insert into students_no_index (SRN, student_name, DOB, section) values ('PES2UG20CS571', 'Jules', '8/30/2020', 'D');
-- insert into students_no_index (SRN, student_name, DOB, section) values ('PES2UG20CS272', 'Ewan', '10/27/2021', 'F');
-- insert into students_no_index (SRN, student_name, DOB, section) values ('PES1UG20CS946', 'Bran', '11/8/2020', 'O');
-- insert into students_no_index (SRN, student_name, DOB, section) values ('PES2UG20CS413', 'Joe', '4/24/2022', 'A');
-- insert into students_no_index (SRN, student_name, DOB, section) values ('PES2UG20CS464', 'Natalya', '10/4/2020', 'G');
-- insert into students_no_index (SRN, student_name, DOB, section) values ('PES1UG20CS114', 'Holli', '4/17/2021', 'P');
-- insert into students_no_index (SRN, student_name, DOB, section) values ('PES2UG20CS247', 'Charley', '7/31/2022', 'C');
-- insert into students_no_index (SRN, student_name, DOB, section) values ('PES1UG20CS534', 'Diane', '7/11/2022', 'I');
-- insert into students_no_index (SRN, student_name, DOB, section) values ('PES2UG20CS013', 'Elysee', '8/29/2021', 'V');
-- insert into students_no_index (SRN, student_name, DOB, section) values ('PES2UG20CS517', 'Curry', '11/21/2020', 'L');
-- insert into students_no_index (SRN, student_name, DOB, section) values ('PES2UG20CS868', 'Winthrop', '4/21/2022', 'J');
-- insert into students_no_index (SRN, student_name, DOB, section) values ('PES2UG20CS367', 'Valeria', '2/14/2023', 'Q');
-- insert into students_no_index (SRN, student_name, DOB, section) values ('PES2UG20CS065', 'Veda', '10/11/2020', 'V');
-- insert into students_no_index (SRN, student_name, DOB, section) values ('PES1UG20CS125', 'Elfreda', '11/9/2022', 'T');
-- insert into students_no_index (SRN, student_name, DOB, section) values ('PES1UG20CS779', 'Barton', '3/21/2022', 'O');
-- insert into students_no_index (SRN, student_name, DOB, section) values ('PES1UG20CS711', 'Roz', '4/8/2022', 'E');
-- insert into students_no_index (SRN, student_name, DOB, section) values ('PES1UG20CS020', 'Carlie', '12/14/2022', 'O');
-- insert into students_no_index (SRN, student_name, DOB, section) values ('PES2UG20CS096', 'Horatio', '4/19/2021', 'Q');
-- insert into students_no_index (SRN, student_name, DOB, section) values ('PES1UG20CS681', 'Skell', '12/12/2021', 'N');
-- insert into students_no_index (SRN, student_name, DOB, section) values ('PES2UG20CS998', 'Juanita', '9/20/2021', 'G');
-- insert into students_no_index (SRN, student_name, DOB, section) values ('PES1UG20CS653', 'Hastie', '3/3/2021', 'F');
-- insert into students_no_index (SRN, student_name, DOB, section) values ('PES2UG20CS415', 'Renie', '1/27/2022', 'A');
-- insert into students_no_index (SRN, student_name, DOB, section) values ('PES2UG20CS839', 'Gerhardt', '11/21/2020', 'R');
-- insert into students_no_index (SRN, student_name, DOB, section) values ('PES1UG20CS486', 'Grata', '8/25/2021', 'V');
-- insert into students_no_index (SRN, student_name, DOB, section) values ('PES1UG20CS236', 'Viki', '7/18/2021', 'C');
-- insert into students_no_index (SRN, student_name, DOB, section) values ('PES2UG20CS978', 'Norris', '3/22/2021', 'G');
-- insert into students_no_index (SRN, student_name, DOB, section) values ('PES2UG20CS206', 'Lyda', '12/10/2021', 'G');
-- insert into students_no_index (SRN, student_name, DOB, section) values ('PES1UG20CS393', 'Enid', '4/14/2022', 'U');
-- insert into students_no_index (SRN, student_name, DOB, section) values ('PES2UG20CS235', 'Dani', '5/21/2022', 'T');
-- insert into students_no_index (SRN, student_name, DOB, section) values ('PES2UG20CS225', 'Sully', '11/2/2021', 'O');
-- insert into students_no_index (SRN, student_name, DOB, section) values ('PES2UG20CS411', 'Giorgia', '1/28/2023', 'L');
-- insert into students_no_index (SRN, student_name, DOB, section) values ('PES2UG20CS850', 'Verna', '8/24/2021', 'L');
-- insert into students_no_index (SRN, student_name, DOB, section) values ('PES1UG20CS764', 'Jaime', '11/28/2020', 'Q');
-- insert into students_no_index (SRN, student_name, DOB, section) values ('PES2UG20CS954', 'Brenn', '12/23/2020', 'M');
-- insert into students_no_index (SRN, student_name, DOB, section) values ('PES2UG20CS588', 'Koralle', '9/18/2020', 'H');
-- insert into students_no_index (SRN, student_name, DOB, section) values ('PES2UG20CS998', 'Simonette', '9/16/2021', 'G');
-- insert into students_no_index (SRN, student_name, DOB, section) values ('PES1UG20CS982', 'Lacee', '4/29/2022', 'E');

-- insert into electives_no_index (elective_name, course_code, anchor_id) values ('BD', 'UE20CS968', 'PES54139359');
-- insert into electives_no_index (elective_name, course_code, anchor_id) values ('DBT', 'UE20CS496', 'PES43921564');
-- insert into electives_no_index (elective_name, course_code, anchor_id) values ('AIWR', 'UE20CS759', 'PES58752624');
-- insert into electives_no_index (elective_name, course_code, anchor_id) values ('TDL', 'UE20CS694', 'PES58752624');

-- insert into student_electives_no_index (srn, first_elective, second_elective) values ('PES2UG20CS998', 'UE20CS496', 'UE20CS694');
-- insert into student_electives_no_index (srn, first_elective, second_elective) values ('PES1UG20CS176', 'UE20CS496', 'UE20CS759');
-- insert into student_electives_no_index (srn, first_elective, second_elective) values ('PES2UG20CS002', 'UE20CS496', 'UE20CS694');
-- insert into student_electives_no_index (srn, first_elective, second_elective) values ('PES2UG20CS135', 'UE20CS968', 'UE20CS759');
-- insert into student_electives_no_index (srn, first_elective, second_elective) values ('PES1UG20CS653', 'UE20CS496', 'UE20CS694');
-- insert into student_electives_no_index (srn, first_elective, second_elective) values ('PES1UG20CS679', 'UE20CS968', 'UE20CS694');
-- insert into student_electives_no_index (srn, first_elective, second_elective) values ('PES1UG20CS949', 'UE20CS496', 'UE20CS759');
-- insert into student_electives_no_index (srn, first_elective, second_elective) values ('PES1UG20CS393', 'UE20CS968', 'UE20CS759');
-- insert into student_electives_no_index (srn, first_elective, second_elective) values ('PES2UG20CS060', 'UE20CS968', 'UE20CS694');
-- insert into student_electives_no_index (srn, first_elective, second_elective) values ('PES1UG20CS424', 'UE20CS968', 'UE20CS759');
-- insert into student_electives_no_index (srn, first_elective, second_elective) values ('PES2UG20CS013', 'UE20CS496', 'UE20CS694');
-- insert into student_electives_no_index (srn, first_elective, second_elective) values ('PES2UG20CS954', 'UE20CS968', 'UE20CS694');
-- insert into student_electives_no_index (srn, first_elective, second_elective) values ('PES1UG20CS424', 'UE20CS496', 'UE20CS694');
-- insert into student_electives_no_index (srn, first_elective, second_elective) values ('PES2UG20CS901', 'UE20CS496', 'UE20CS759');
-- insert into student_electives_no_index (srn, first_elective, second_elective) values ('PES1UG20CS676', 'UE20CS968', 'UE20CS759');
-- insert into student_electives_no_index (srn, first_elective, second_elective) values ('PES1UG20CS176', 'UE20CS496', 'UE20CS694');
-- insert into student_electives_no_index (srn, first_elective, second_elective) values ('PES1UG20CS393', 'UE20CS968', 'UE20CS694');
-- insert into student_electives_no_index (srn, first_elective, second_elective) values ('PES2UG20CS588', 'UE20CS496', 'UE20CS694');
-- insert into student_electives_no_index (srn, first_elective, second_elective) values ('PES2UG20CS954', 'UE20CS496', 'UE20CS694');
-- insert into student_electives_no_index (srn, first_elective, second_elective) values ('PES2UG20CS468', 'UE20CS496', 'UE20CS759');
-- insert into student_electives_no_index (srn, first_elective, second_elective) values ('PES2UG20CS294', 'UE20CS968', 'UE20CS759');
-- insert into student_electives_no_index (srn, first_elective, second_elective) values ('PES1UG20CS725', 'UE20CS496', 'UE20CS694');
-- insert into student_electives_no_index (srn, first_elective, second_elective) values ('PES2UG20CS332', 'UE20CS496', 'UE20CS759');
-- insert into student_electives_no_index (srn, first_elective, second_elective) values ('PES2UG20CS569', 'UE20CS968', 'UE20CS759');
-- insert into student_electives_no_index (srn, first_elective, second_elective) values ('PES2UG20CS954', 'UE20CS496', 'UE20CS759');
-- insert into student_electives_no_index (srn, first_elective, second_elective) values ('PES2UG20CS569', 'UE20CS968', 'UE20CS759');
-- insert into student_electives_no_index (srn, first_elective, second_elective) values ('PES1UG20CS653', 'UE20CS968', 'UE20CS759');
-- insert into student_electives_no_index (srn, first_elective, second_elective) values ('PES1UG20CS949', 'UE20CS968', 'UE20CS694');
-- insert into student_electives_no_index (srn, first_elective, second_elective) values ('PES1UG20CS086', 'UE20CS496', 'UE20CS759');
-- insert into student_electives_no_index (srn, first_elective, second_elective) values ('PES2UG20CS235', 'UE20CS968', 'UE20CS694');
-- insert into student_electives_no_index (srn, first_elective, second_elective) values ('PES1UG20CS182', 'UE20CS968', 'UE20CS694');
-- insert into student_electives_no_index (srn, first_elective, second_elective) values ('PES2UG20CS571', 'UE20CS496', 'UE20CS694');
-- insert into student_electives_no_index (srn, first_elective, second_elective) values ('PES2UG20CS294', 'UE20CS968', 'UE20CS694');
-- insert into student_electives_no_index (srn, first_elective, second_elective) values ('PES1UG20CS393', 'UE20CS496', 'UE20CS759');
-- insert into student_electives_no_index (srn, first_elective, second_elective) values ('PES2UG20CS569', 'UE20CS968', 'UE20CS694');
-- insert into student_electives_no_index (srn, first_elective, second_elective) values ('PES1UG20CS020', 'UE20CS968', 'UE20CS759');
-- insert into student_electives_no_index (srn, first_elective, second_elective) values ('PES2UG20CS609', 'UE20CS496', 'UE20CS694');
-- insert into student_electives_no_index (srn, first_elective, second_elective) values ('PES2UG20CS149', 'UE20CS496', 'UE20CS759');
-- insert into student_electives_no_index (srn, first_elective, second_elective) values ('PES2UG20CS672', 'UE20CS496', 'UE20CS694');
-- insert into student_electives_no_index (srn, first_elective, second_elective) values ('PES2UG20CS488', 'UE20CS968', 'UE20CS694');
-- insert into student_electives_no_index (srn, first_elective, second_elective) values ('PES2UG20CS484', 'UE20CS496', 'UE20CS694');
-- insert into student_electives_no_index (srn, first_elective, second_elective) values ('PES2UG20CS517', 'UE20CS968', 'UE20CS694');
-- insert into student_electives_no_index (srn, first_elective, second_elective) values ('PES2UG20CS135', 'UE20CS496', 'UE20CS694');
-- insert into student_electives_no_index (srn, first_elective, second_elective) values ('PES1UG20CS125', 'UE20CS968', 'UE20CS759');
-- insert into student_electives_no_index (srn, first_elective, second_elective) values ('PES2UG20CS464', 'UE20CS968', 'UE20CS694');
-- insert into student_electives_no_index (srn, first_elective, second_elective) values ('PES2UG20CS225', 'UE20CS968', 'UE20CS694');
-- insert into student_electives_no_index (srn, first_elective, second_elective) values ('PES1UG20CS883', 'UE20CS496', 'UE20CS694');
-- insert into student_electives_no_index (srn, first_elective, second_elective) values ('PES2UG20CS367', 'UE20CS968', 'UE20CS694');
-- insert into student_electives_no_index (srn, first_elective, second_elective) values ('PES2UG20CS571', 'UE20CS968', 'UE20CS694');
-- insert into student_electives_no_index (srn, first_elective, second_elective) values ('PES1UG20CS020', 'UE20CS496', 'UE20CS759');
-- insert into student_electives_no_index (srn, first_elective, second_elective) values ('PES2UG20CS149', 'UE20CS968', 'UE20CS759');
-- insert into student_electives_no_index (srn, first_elective, second_elective) values ('PES1UG20CS400', 'UE20CS968', 'UE20CS759');
-- insert into student_electives_no_index (srn, first_elective, second_elective) values ('PES2UG20CS413', 'UE20CS968', 'UE20CS759');
-- insert into student_electives_no_index (srn, first_elective, second_elective) values ('PES1UG20CS020', 'UE20CS496', 'UE20CS759');
-- insert into student_electives_no_index (srn, first_elective, second_elective) values ('PES1UG20CS681', 'UE20CS496', 'UE20CS694');
-- insert into student_electives_no_index (srn, first_elective, second_elective) values ('PES1UG20CS711', 'UE20CS496', 'UE20CS694');
-- insert into student_electives_no_index (srn, first_elective, second_elective) values ('PES1UG20CS779', 'UE20CS968', 'UE20CS759');
-- insert into student_electives_no_index (srn, first_elective, second_elective) values ('PES2UG20CS534', 'UE20CS968', 'UE20CS759');
-- insert into student_electives_no_index (srn, first_elective, second_elective) values ('PES1UG20CS982', 'UE20CS968', 'UE20CS759');
-- insert into student_electives_no_index (srn, first_elective, second_elective) values ('PES2UG20CS839', 'UE20CS968', 'UE20CS694');
-- insert into student_electives_no_index (srn, first_elective, second_elective) values ('PES2UG20CS588', 'UE20CS496', 'UE20CS759');
-- insert into student_electives_no_index (srn, first_elective, second_elective) values ('PES1UG20CS125', 'UE20CS496', 'UE20CS694');
-- insert into student_electives_no_index (srn, first_elective, second_elective) values ('PES2UG20CS247', 'UE20CS496', 'UE20CS759');
-- insert into student_electives_no_index (srn, first_elective, second_elective) values ('PES2UG20CS468', 'UE20CS968', 'UE20CS694');
-- insert into student_electives_no_index (srn, first_elective, second_elective) values ('PES2UG20CS901', 'UE20CS968', 'UE20CS759');
-- insert into student_electives_no_index (srn, first_elective, second_elective) values ('PES2UG20CS060', 'UE20CS968', 'UE20CS694');
-- insert into student_electives_no_index (srn, first_elective, second_elective) values ('PES2UG20CS468', 'UE20CS496', 'UE20CS694');
-- insert into student_electives_no_index (srn, first_elective, second_elective) values ('PES1UG20CS086', 'UE20CS496', 'UE20CS759');
-- insert into student_electives_no_index (srn, first_elective, second_elective) values ('PES1UG20CS470', 'UE20CS968', 'UE20CS759');
-- insert into student_electives_no_index (srn, first_elective, second_elective) values ('PES2UG20CS206', 'UE20CS496', 'UE20CS694');
-- insert into student_electives_no_index (srn, first_elective, second_elective) values ('PES1UG20CS928', 'UE20CS496', 'UE20CS694');
-- insert into student_electives_no_index (srn, first_elective, second_elective) values ('PES2UG20CS609', 'UE20CS968', 'UE20CS694');
-- insert into student_electives_no_index (srn, first_elective, second_elective) values ('PES1UG20CS163', 'UE20CS968', 'UE20CS759');
-- insert into student_electives_no_index (srn, first_elective, second_elective) values ('PES2UG20CS367', 'UE20CS968', 'UE20CS759');
-- insert into student_electives_no_index (srn, first_elective, second_elective) values ('PES2UG20CS164', 'UE20CS496', 'UE20CS694');
-- insert into student_electives_no_index (srn, first_elective, second_elective) values ('PES2UG20CS978', 'UE20CS496', 'UE20CS759');
-- insert into student_electives_no_index (srn, first_elective, second_elective) values ('PES2UG20CS458', 'UE20CS968', 'UE20CS759');
-- insert into student_electives_no_index (srn, first_elective, second_elective) values ('PES2UG20CS135', 'UE20CS496', 'UE20CS694');
-- insert into student_electives_no_index (srn, first_elective, second_elective) values ('PES1UG20CS690', 'UE20CS496', 'UE20CS759');
-- insert into student_electives_no_index (srn, first_elective, second_elective) values ('PES1UG20CS817', 'UE20CS968', 'UE20CS694');
-- insert into student_electives_no_index (srn, first_elective, second_elective) values ('PES1UG20CS653', 'UE20CS496', 'UE20CS694');
-- insert into student_electives_no_index (srn, first_elective, second_elective) values ('PES1UG20CS470', 'UE20CS968', 'UE20CS759');
-- insert into student_electives_no_index (srn, first_elective, second_elective) values ('PES2UG20CS672', 'UE20CS968', 'UE20CS694');
-- insert into student_electives_no_index (srn, first_elective, second_elective) values ('PES1UG20CS163', 'UE20CS496', 'UE20CS759');
-- insert into student_electives_no_index (srn, first_elective, second_elective) values ('PES2UG20CS458', 'UE20CS968', 'UE20CS694');
-- insert into student_electives_no_index (srn, first_elective, second_elective) values ('PES1UG20CS334', 'UE20CS496', 'UE20CS694');
-- insert into student_electives_no_index (srn, first_elective, second_elective) values ('PES2UG20CS998', 'UE20CS496', 'UE20CS694');
-- insert into student_electives_no_index (srn, first_elective, second_elective) values ('PES1UG20CS174', 'UE20CS496', 'UE20CS759');
-- insert into student_electives_no_index (srn, first_elective, second_elective) values ('PES1UG20CS334', 'UE20CS968', 'UE20CS694');
-- insert into student_electives_no_index (srn, first_elective, second_elective) values ('PES2UG20CS135', 'UE20CS496', 'UE20CS694');
-- insert into student_electives_no_index (srn, first_elective, second_elective) values ('PES2UG20CS609', 'UE20CS968', 'UE20CS694');
-- insert into student_electives_no_index (srn, first_elective, second_elective) values ('PES1UG20CS335', 'UE20CS968', 'UE20CS694');
-- insert into student_electives_no_index (srn, first_elective, second_elective) values ('PES1UG20CS174', 'UE20CS496', 'UE20CS759');
-- insert into student_electives_no_index (srn, first_elective, second_elective) values ('PES1UG20CS659', 'UE20CS496', 'UE20CS694');
-- insert into student_electives_no_index (srn, first_elective, second_elective) values ('PES2UG20CS998', 'UE20CS968', 'UE20CS759');
-- insert into student_electives_no_index (srn, first_elective, second_elective) values ('PES1UG20CS592', 'UE20CS496', 'UE20CS694');
-- insert into student_electives_no_index (srn, first_elective, second_elective) values ('PES2UG20CS998', 'UE20CS968', 'UE20CS759');
-- insert into student_electives_no_index (srn, first_elective, second_elective) values ('PES2UG20CS458', 'UE20CS968', 'UE20CS694');
-- insert into student_electives_no_index (srn, first_elective, second_elective) values ('PES1UG20CS988', 'UE20CS496', 'UE20CS694');
-- insert into student_electives_no_index (srn, first_elective, second_elective) values ('PES1UG20CS592', 'UE20CS496', 'UE20CS694');

-- A)

-- select * from student_electives;
-- select * from student_electives_no_index;

-- select * from teachers;
-- select * from electives;

-- B) SCANS
-- Query on tables with no index
-- SELECT * FROM students_no_index WHERE SRN='PES1UG20CS569';
-- Index
-- SELECT * FROM students WHERE SRN='PES1UG20CS569';

-- C) 
-- No index
-- SELECT * FROM students_no_index AS s,student_electives_no_index AS se where s.SRN like 'PES2%' AND se.SRN=s.SRN;
-- Query on tables with index
SELECT * FROM students AS s,student_electives AS se where s.SRN like 'PES2%' AND se.SRN=s.SRN;
